Ticker,Name,Price,IV %,Trend,P/S,Fwd P/E,Avg Vol (M),Earnings
AA,ALCOA CORP COM,47.535,0.0,UP,0.96,13.21,6.87,N/A
AAL,AMERICAN AIRLS GROUP INC COM,15.245,0.0,UP,0.19,8.3,65.19,N/A
AAOI,APPLIED OPTOELECTRONICS INC COM,34.94,1.6,UP,5.66,45.03,5.36,N/A
AAP,ADVANCE AUTO PARTS INC COM,48.58,6.3,DOWN,0.34,18.17,1.71,N/A
AAPL,APPLE INC COM,279.02,1.6,UP,9.95,30.53,49.12,N/A
ABAT,AMERICAN BATTERY TECHNOLOGY COM NEW,4.255,50.0,UP,110.04,-30.39,13.57,N/A
ABBV,ABBVIE INC COM,222.61,0.0,UP,6.6,15.61,5.96,N/A
ABNB,AIRBNB INC COM CL A,129.68,1.6,UP,6.65,26.91,4.97,N/A
ABR,ARBOR REALTY TRUST INC COM,9.08,0.0,DOWN,3.48,10.2,3.09,N/A
ABT,ABBOTT LABS COM,124.395,0.0,DOWN,4.94,21.92,6.24,N/A
ABTC,AMERICAN BITCOIN CORP. COM CL A,1.952,25.0,DOWN,14.78,48.8,6.92,N/A
ACHR,ARCHER AVIATION INC COM CL A,8.7258,0.0,DOWN,0,-11.87,60.49,N/A
ACI,ALBERTSONS COS INC COMMON STOCK,17.47,1.6,DOWN,0.12,7.54,8.34,N/A
ACN,ACCENTURE PLC IRELAND SHS CLASS A,272.435,0.2,DOWN,2.44,18.29,4.63,N/A
ADBE,ADOBE INC COM,358.7909,1.6,DOWN,6.4,13.63,4.2,N/A
ADI,ANALOG DEVICES INC COM,283.1,0.0,UP,12.58,25.15,3.61,N/A
ADP,AUTOMATIC DATA PROCESSING INC COM,264.71,0.8,DOWN,5.13,22.16,2.11,N/A
ADSK,AUTODESK INC COM,300.525,0.0,UP,9.29,25.94,1.42,N/A
AEM,AGNICO EAGLE MINES LTD COM,173.845,3.1,UP,8.26,16.27,2.81,N/A
AEO,AMERICAN EAGLE OUTFITTERS INC COM,25.15,0.0,UP,0.8,15.48,7.94,N/A
AES,AES CORP COM,14.025,0.0,UP,0.83,6.07,9.84,N/A
AFL,AFLAC INC COM,109.8,1.6,UP,3.32,14.89,2.2,N/A
AFRM,AFFIRM HLDGS INC COM CL A,68.6225,3.1,UP,6.55,17.92,5.98,N/A
AG,FIRST MAJESTIC SILVER CORP COM,16.9428,3.1,UP,8.6,24.64,20.65,N/A
AGNC,AGNC INVT CORP COM,10.385,6.3,UP,11.65,6.48,21.17,N/A
AGQ,PROSHARES TR II ULTRA SILVER NEW,0,0.0,Down,0,0,3.38,N/A
AI,C3 AI INC CL A,15.806,6.3,DOWN,6.3,-16.77,7.19,N/A
AIG,AMERICAN INTL GROUP INC COM NEW,83.45,0.0,UP,1.7,10.62,4.62,N/A
ALAB,ASTERA LABS INC COM,166.2575,3.1,UP,38.84,70.16,6.5,N/A
ALB,ALBEMARLE CORP COM,134.913,0.4,UP,3.21,187.78,3.6,N/A
ALGN,ALIGN TECHNOLOGY INC COM,165.58,0.0,UP,3.01,15.12,1.38,N/A
ALT,ALTIMMUNE INC COM NEW,5.445,12.5,UP,28407.22,-4.14,3.07,N/A
AMAT,APPLIED MATLS INC COM,267.84,0.0,UP,7.52,23.43,8.36,N/A
AMBA,AMBARELLA INC SHS,79.1,0.0,UP,9.11,127.97,0.81,N/A
AMC,AMC ENTMT HLDGS INC CL A NEW,2.1799,0.0,DOWN,0.23,-3.79,21.06,N/A
AMD,ADVANCED MICRO DEVICES INC COM,218.4999,0.0,UP,11.11,33.92,56.94,N/A
AMDL,GRANITESHARES ETF TR GRANITE 2X LONG,0,0.0,Down,0,0,23.1,N/A
AMGN,AMGEN INC COM,318.44,3.1,UP,4.77,14.52,2.7,N/A
AMZN,AMAZON COM INC COM,227.8,0.0,UP,3.52,29.02,48.14,N/A
ANET,ARISTA NETWORKS INC COM SHS,129.7,1.6,UP,19.33,38.59,8.28,N/A
ANF,ABERCROMBIE & FITCH CO CL A,113.39,6.3,UP,1.03,11.03,2.11,N/A
ANVS,ANNOVIS BIO INC COM,3.8883,25.0,UP,0,-3.41,1.83,N/A
APA,APA CORPORATION COM,26.2,0.0,UP,1.0,9.66,7.26,N/A
APLD,APPLIED DIGITAL CORP COM NEW,31.08,0.0,UP,50.01,-37.22,30.38,N/A
APO,APOLLO GLOBAL MGMT INC COM,150.33,0.0,UP,3.21,16.24,3.61,N/A
APP,APPLOVIN CORP COM CL A,700.4895,0.0,UP,37.57,50.24,6.41,N/A
APT,ALPHA PRO TECH LTD COM,4.55,50.0,DOWN,0.81,3.92,0.02,N/A
AR,ANTERO RESOURCES CORP COM,35.79,3.1,UP,2.21,10.17,5.02,N/A
ARKG,ARK Genomic Revolution ETF,0,0.0,Down,0,0,3.67,N/A
ARKK,ARK Innovation ETF,0,0.0,Down,0,0,9.62,N/A
ARM,ARM HOLDINGS PLC SPONSORED ADS,135.46,0.0,DOWN,32.58,59.74,4.58,N/A
ASAN,ASANA INC CL A,14.56,0.0,DOWN,4.46,40.47,3.89,N/A
ASHR,DBX ETF TR XTRACK HRVST CSI,0,0.0,Down,0,0,6.76,N/A
ASML,ASML HOLDING N V N Y REGISTRY SHS,1111.42,0.0,UP,13.39,36.65,1.57,N/A
ASO,ACADEMY SPORTS & OUTDOORS INC COM,56.5,0.0,UP,0.63,8.77,1.78,N/A
ASPI,ASP ISOTOPES INC COM,6.38,12.5,DOWN,84.15,-11.89,7.96,N/A
ASST,STRIVE INC CL A COM,0.9222,50.0,DOWN,145.46,-92.22,96.39,N/A
ASTS,AST SPACEMOBILE INC COM CL A,83.5994,3.1,UP,1657.47,-108.5,13.11,N/A
ATYR,ATYR PHARMA INC COM NEW,0.7683,50.0,DOWN,396.23,-1.45,10.4,N/A
AUR,AURORA INNOVATION INC CLASS A COM,4.6,0.0,DOWN,4451.35,-9.79,17.2,N/A
AVAV,AEROVIRONMENT INC COM,245.57,0.0,UP,8.95,53.16,1.1,N/A
AVGO,BROADCOM INC COM,369.15,1.6,UP,29.09,27.92,23.08,N/A
AXP,AMERICAN EXPRESS CO COM,386.39,1.6,UP,4.12,22.14,2.59,N/A
B,BARRICK MNG CORP COM SHS,43.738,0.0,UP,5.12,13.08,21.14,N/A
BA,BOEING CO COM,202.18,1.6,UP,1.96,84.89,8.79,N/A
BABA,ALIBABA GROUP HLDG LTD SPONSORED ADS,157.05,1.6,UP,0.37,16.79,16.44,N/A
BAC,BANK AMERICA CORP COM,54.65,0.0,UP,3.99,12.52,35.65,N/A
BAX,BAXTER INTL INC COM,19.155,0.0,DOWN,0.89,8.3,7.6,N/A
BB,BLACKBERRY LTD COM,4.3399,25.0,UP,4.83,27.12,10.1,N/A
BBAI,BIGBEAR AI HLDGS INC COM,6.6757,0.0,UP,20.21,-33.38,124.77,N/A
BBWI,BATH & BODY WORKS INC COM,20.18,0.0,DOWN,0.57,7.33,8.08,N/A
BBY,BEST BUY INC COM,75.98,0.4,UP,0.38,11.26,3.69,N/A
BE,BLOOM ENERGY CORP COM CL A,104.52,3.1,UP,13.59,98.48,15.2,N/A
BEKE,KE HLDGS INC SPONSORED ADS,17.34,6.3,DOWN,0.2,19.39,5.1,N/A
BHC,BAUSCH HEALTH COS INC COM,6.956,6.3,UP,0.26,1.66,2.4,N/A
BIDU,BAIDU INC SPON ADR REP A,125.97,0.2,UP,0.34,15.44,4.82,N/A
BIIB,BIOGEN INC COM,172.49,0.1,UP,2.51,11.34,1.82,N/A
BILI,BILIBILI INC SPONS ADS REP Z,24.93,3.1,UP,0.34,22.3,2.64,N/A
BILL,BILL HOLDINGS INC COM,54.8154,3.1,UP,3.67,21.38,2.7,N/A
BITF,BITFARMS LTD COM,2.97,12.5,UP,6.42,-74.25,95.72,N/A
BITO,PROSHARES TR BITCOIN ETF,0,0.0,Down,0,0,25.92,N/A
BITX,2x Bitcoin Strategy ETF,0,0.0,Down,0,0,10.52,N/A
BKKT,BAKKT HOLDINGS INC COM CL A NEW,12.78,50.0,DOWN,0.08,13.31,2.79,N/A
BKNG,BOOKING HOLDINGS INC COM,5316.48,0.4,UP,6.62,20.03,0.27,N/A
BKSY,BLACKSKY TECHNOLOGY INC CL A NEW,19.19,0.0,UP,6.79,-17.85,2.01,N/A
BLK,BLACKROCK INC COM,1103.53,0.8,UP,7.48,20.52,0.65,N/A
BLSH,BULLISH ORD SHS,46.25,0.0,DOWN,35.06,68.86,3.21,N/A
BMNR,BITMINE IMMERSION TECNOLOGIES COM NEW,38.0425,0.0,DOWN,2657.93,0,46.71,N/A
BMY,BRISTOL-MYERS SQUIBB CO COM,52.77,3.1,UP,2.24,8.79,16.51,N/A
BOIL,PROSHARES TR II ULTRA BLOOMBERG,0,0.0,Down,0,0,7.83,N/A
BP,BP PLC SPONSORED ADR,35.33,3.1,UP,0.48,12.03,6.61,N/A
BROS,DUTCH BROS INC CL A,62.26,0.0,UP,6.67,69.54,3.94,N/A
BRR,PROCAP FINL INC COM SHS,3.77,50.0,DOWN,0,0,0.82,N/A
BSX,BOSTON SCIENTIFIC CORP COM,93.2972,0.0,DOWN,7.15,26.92,9.92,N/A
BTBT,BIT DIGITAL INC SHS,2.458,12.5,DOWN,7.53,N/A,37.76,N/A
BTDR,BITDEER TECHNOLOGIES GROUP CL A ORD SHS,11.72,0.0,DOWN,5.6,16.37,8.28,N/A
BTG,B2GOLD CORP COM,4.75,0.0,UP,2.53,6.28,48.27,N/A
BTU,PEABODY ENERGY CORP COM,29.69,0.0,UP,0.91,11.42,4.65,N/A
BUD,ANHEUSER BUSCH INBEV SA/NV SPONSORED ADR,63.72,3.1,DOWN,2.13,15.23,2.1,N/A
BULL,WEBULL CORP ORD SHS,9.8702,12.5,DOWN,9.62,54.83,23.69,N/A
BURL,BURLINGTON STORES INC COM,270.665,0.0,UP,1.52,24.41,1.07,N/A
BX,BLACKSTONE INC COM,154.265,3.1,UP,14.8,24.04,4.15,N/A
BYND,BEYOND MEAT INC COM,1.19,0.0,DOWN,1.86,-2.5,199.08,N/A
C,CITIGROUP INC COM NEW,112.415,0.0,UP,2.75,11.44,12.83,N/A
CAG,CONAGRA BRANDS INC COM,17.795,6.3,DOWN,0.74,9.59,11.1,N/A
CAH,CARDINAL HEALTH INC COM,198.18,0.0,UP,0.2,17.88,2.49,N/A
CAR,AVIS BUDGET GROUP COM,136.365,0.0,UP,0.41,17.33,0.79,N/A
CART,MAPLEBEAR INC COM,45.015,0.0,UP,3.26,11.46,6.35,N/A
CAT,CATERPILLAR INC COM,624.5251,0.4,UP,4.52,28.01,2.87,N/A
CAVA,CAVA GROUP INC COM,55.23,0.0,DOWN,5.66,94.68,4.33,N/A
CBOE,"Cboe Global Markets, Inc.",253.39,0.0,UP,5.74,23.31,0.77,N/A
CC,CHEMOURS CO COM,13.365,6.3,UP,0.34,7.46,2.93,N/A
CCCX,CHURCHILL CAP CORP X SHS CL A,15.1,0.0,UP,0,0,4.63,N/A
CCJ,CAMECO CORP COM,94.955,0.4,UP,11.97,66.69,5.22,N/A
CCL,CARNIVAL CORP PAIRED CTF,27.995,0.4,UP,1.45,11.61,22.5,N/A
CDE,COEUR MNG INC COM NEW,18.005,0.0,UP,6.8,12.52,17.43,N/A
CDNS,CADENCE DESIGN SYSTEM INC COM,331.53,1.6,UP,17.33,41.18,1.76,N/A
CEG,CONSTELLATION ENERGY CORP COM,376.945,0.8,UP,4.74,33.29,2.6,N/A
CELH,CELSIUS HLDGS INC COM NEW,44.445,0.8,DOWN,5.39,28.54,6.37,N/A
CF,CF INDS HLDGS INC COM,79.4547,0.0,DOWN,1.91,10.93,2.49,N/A
CGC,CANOPY GROWTH CORP COM NEW,1.3955,50.0,UP,1.85,21.38,22.75,N/A
CHPT,CHARGEPOINT HOLDINGS INC COM SHS,9.235,0.0,DOWN,0.54,-2.56,0.5,N/A
CHTR,CHARTER COMMUNICATIONS INC NEW CL A,213.84,3.1,DOWN,0.53,4.99,1.97,N/A
CHWY,CHEWY INC CL A,33.6365,0.0,DOWN,1.11,21.59,7.31,N/A
CI,THE CIGNA GROUP COM,274.6685,0.8,DOWN,0.27,8.96,1.96,N/A
CIEN,CIENA CORP COM NEW,230.145,0.0,UP,7.15,33.71,3.0,N/A
CIFR,CIPHER MINING INC COM,18.68,0.0,UP,35.75,38.12,50.32,N/A
CL,COLGATE PALMOLIVE CO COM,77.9,1.6,DOWN,3.13,20.28,6.68,N/A
CLF,CLEVELAND-CLIFFS INC NEW COM,13.255,12.5,UP,0.41,43.44,27.34,N/A
CLOV,CLOVER HEALTH INVESTMENTS CORP COM CL A,2.7601,50.0,DOWN,0.8,46.0,8.78,N/A
CLS,CELESTICA INC COM,326.71,1.6,UP,3.33,39.0,2.98,N/A
CLSK,CLEANSPARK INC COM NEW,15.16,0.0,UP,5.29,94.75,36.2,N/A
CMCSA,COMCAST CORP NEW CL A,27.8,6.3,DOWN,0.83,6.68,31.27,N/A
CME,CME GROUP INC COM,272.75,0.0,UP,15.4,23.37,1.9,N/A
CMG,CHIPOTLE MEXICAN GRILL INC COM,35.8082,3.1,DOWN,4.07,29.32,22.46,N/A
CNC,CENTENE CORP DEL COM,41.685,0.0,DOWN,0.12,14.41,9.94,N/A
CNQ,CANADIAN NAT RES LTD COM,32.84,3.1,UP,1.77,13.8,7.21,N/A
COF,CAPITAL ONE FINL CORP COM,240.2775,0.0,UP,5.32,11.56,3.79,N/A
COHR,COHERENT CORP COM,193.4,0.0,UP,5.03,30.5,4.22,N/A
COIN,COINBASE GLOBAL INC COM CL A,274.78,0.8,DOWN,10.05,39.25,9.73,N/A
COMM,COMMSCOPE HLDG CO INC COM,19.87,6.3,UP,0.83,10.68,4.82,N/A
CONL,GRANITESHARES ETF TR 2X LONG COIN DAI,0,0.0,Down,0,0,6.33,N/A
COP,CONOCOPHILLIPS COM,96.74,1.6,UP,1.97,15.51,6.78,N/A
CORZ,CORE SCIENTIFIC INC NEW COM,17.39,6.3,UP,16.13,56.1,15.51,N/A
COST,COSTCO WHSL CORP NEW COM,881.73,0.0,DOWN,1.42,39.89,2.54,N/A
CPB,THE CAMPBELLS COMPANY COM,28.73,0.0,DOWN,0.84,10.93,5.99,N/A
CPNG,COUPANG INC CL A,25.935,1.6,DOWN,1.41,49.87,10.86,N/A
CRCL,CIRCLE INTERNET GROUP INC COM CL A,89.265,0.0,DOWN,9.42,70.11,13.97,N/A
CRDO,CREDO TECHNOLOGY GROUP HOLDING ORDINARY SHARES,148.445,0.0,UP,33.68,39.84,6.34,N/A
CRH,CRH PLC ORD,127.37,0.0,UP,2.31,21.03,4.51,N/A
CRM,SALESFORCE INC COM,263.72,0.0,UP,6.23,20.2,8.62,N/A
CRML,CRITICAL METALS CORP PUBCO ORD SHS,9.735,0.0,UP,2043.89,0,16.91,N/A
CROX,CROCS INC COM,91.01,0.0,DOWN,1.22,7.61,1.87,N/A
CRSP,CRISPR THERAPEUTICS AG NAMEN AKT,57.9792,0.4,UP,144.13,-13.0,2.54,N/A
CRWD,CROWDSTRIKE HLDGS INC CL A,511.82,0.8,UP,28.26,105.87,2.63,N/A
CRWV,COREWEAVE INC COM CL A,86.3,0.0,DOWN,9.99,-307.76,29.66,N/A
CSCO,CISCO SYS INC COM,78.93,0.8,UP,5.41,17.67,20.46,N/A
CSIQ,CANADIAN SOLAR INC COM,24.7,0.0,UP,0.28,-153.26,4.58,N/A
CSX,CSX CORP COM,37.26,3.1,UP,4.92,19.56,14.29,N/A
CTAS,CINTAS CORP COM,188.05,0.0,DOWN,7.18,35.1,2.15,N/A
CTRA,COTERRA ENERGY INC COM,26.73,0.0,UP,3.06,10.27,9.02,N/A
CVNA,CARVANA CO CL A,478.6467,0.0,UP,5.68,64.55,3.41,N/A
CVS,CVS HEALTH CORP COM,80.72,3.1,UP,0.26,11.27,7.61,N/A
CVX,CHEVRON CORP NEW COM,150.51,0.0,DOWN,1.61,19.63,7.75,N/A
CZR,CAESARS ENTERTAINMENT INC NEW COM,24.83,6.3,DOWN,0.45,40.97,9.39,N/A
DAL,DELTA AIR LINES INC DEL COM NEW,71.2374,0.0,UP,0.74,9.95,8.56,N/A
DASH,DOORDASH INC CL A,227.02,1.6,UP,7.74,37.16,4.95,N/A
DBRG,DIGITALBRIDGE GROUP INC CL A NEW,15.195,0.0,UP,29.52,37.99,4.46,N/A
DBX,DROPBOX INC CL A,27.985,0.8,DOWN,2.89,9.35,3.44,N/A
DDD,3-D SYS CORP DEL COM NEW,2.0408,0.0,DOWN,0.67,-6.28,3.93,N/A
DDOG,DATADOG INC CL A COM,149.4425,0.0,UP,16.32,63.75,4.51,N/A
DE,DEERE & CO COM,481.98,0.8,DOWN,2.85,21.29,1.43,N/A
DECK,DECKERS OUTDOOR CORP COM,102.36,0.0,DOWN,2.9,14.94,3.96,N/A
DELL,DELL TECHNOLOGIES INC CL C,138.01,0.0,UP,0.89,12.04,7.34,N/A
DFDV,DEFI DEVELOPMENT CORP COM,6.24,0.0,DOWN,26.03,-18.91,1.79,N/A
DG,DOLLAR GEN CORP NEW COM,131.82,0.8,UP,0.69,18.7,3.44,N/A
DHI,D R HORTON INC COM,155.94,0.0,UP,1.33,11.62,3.25,N/A
DHR,DANAHER CORPORATION COM,232.175,0.8,UP,6.85,27.57,4.21,N/A
DIA,SPDR DOW JONES INDL AVERAGE ET UT SER 1,0,0.0,Down,0,0,6.53,N/A
DIS,DISNEY WALT CO COM,113.11,0.0,UP,2.15,15.37,10.09,N/A
DJT,TRUMP MEDIA & TECHNOLOGY GROUP COM,10.9382,6.3,DOWN,832.72,0,6.06,N/A
DKNG,DRAFTKINGS INC NEW COM CL A,36.09,0.0,DOWN,3.29,21.97,17.1,N/A
DLR,DIGITAL RLTY TR INC COM,159.02,3.1,DOWN,9.52,43.99,1.69,N/A
DLTR,DOLLAR TREE INC COM,128.96,6.3,UP,1.39,19.29,4.28,N/A
DNN,DENISON MINES CORP COM,2.735,0.0,UP,504.33,-56.57,83.14,N/A
DNUT,KRISPY KREME INC COM,4.49,3.1,UP,0.5,-46.85,7.97,N/A
DOCN,DIGITALOCEAN HLDGS INC COM,49.31,3.1,UP,5.22,25.04,2.72,N/A
DOCU,DOCUSIGN INC COM,70.35,0.0,DOWN,4.46,17.05,2.98,N/A
DOW,DOW INC COM,24.69,0.0,DOWN,0.43,-497.88,13.07,N/A
DPST,DIREXION SHS ETF TR DAILY REGIONAL,0,0.0,Down,0,0,0.97,N/A
DUOL,DUOLINGO INC CL A COM,206.62,3.1,DOWN,9.91,26.05,1.86,N/A
DVN,DEVON ENERGY CORP NEW COM,37.7,0.0,UP,1.45,9.01,7.85,N/A
DXCM,DEXCOM INC COM,68.16,0.0,DOWN,5.92,27.4,6.55,N/A
EA,ELECTRONIC ARTS INC COM,203.635,3.1,UP,6.99,21.99,3.3,N/A
EBAY,EBAY INC. COM,85.27,0.0,UP,3.64,14.63,5.31,N/A
EEM,ISHARES TR MSCI EMG MKT ETF,0,0.0,Down,0,0,26.48,N/A
EFA,ISHARES TR MSCI EAFE ETF,0,0.0,Down,0,0,16.04,N/A
EH,EHANG HLDGS LTD ADS,14.35,6.3,DOWN,2.4,45.13,1.21,N/A
EL,LAUDER ESTEE COS INC CL A,105.235,0.0,UP,2.63,36.02,3.53,N/A
ELF,E L F BEAUTY INC COM,78.46,0.0,DOWN,3.38,22.27,2.27,N/A
EMB,ISHARES TR JPMORGAN USD EMG,0,6.3,Down,0,0,7.12,N/A
EMR,EMERSON ELEC CO COM,139.925,0.4,UP,4.37,19.74,2.73,N/A
ENPH,ENPHASE ENERGY INC COM,33.1,0.0,DOWN,2.86,15.79,8.01,N/A
ENVX,ENOVIX CORPORATION COM,8.975,3.1,DOWN,64.53,-14.96,7.61,N/A
EOG,EOG RES INC COM,109.5,0.0,DOWN,2.64,10.25,3.98,N/A
EOSE,EOS ENERGY ENTERPRISES INC COM CL A,15.82,6.3,UP,80.8,-83.26,24.19,N/A
EPD,ENTERPRISE PRODS PARTNERS L P COM,32.165,0.0,UP,1.31,11.23,4.05,N/A
EQT,EQT CORP COM,55.71,3.1,UP,4.51,12.7,8.4,N/A
ET,ENERGY TRANSFER L P COM UT LTD PTN,16.5,0.2,DOWN,0.71,11.76,14.38,N/A
ETH,GRAYSCALE ETHEREUM MINI TR ETF SHS NEW,0,0.0,Down,0,0,7.01,N/A
ETHA,ISHARES ETHEREUM TR SHS,0,0.0,Down,0,0,51.2,N/A
ETHE,GRAYSCALE ETHEREUM TRUST ETF SHS,0,0.0,Down,0,0,6.84,N/A
ETHU,2x Ether ETF,0,0.0,Down,0,0,7.24,N/A
ETN,EATON CORP PLC SHS,342.32,0.0,UP,5.0,24.97,2.52,N/A
ETSY,ETSY INC COM,53.775,3.1,DOWN,1.87,11.48,4.88,N/A
EWJ,ISHARES INC MSCI JAPAN ETF,0,0.0,Down,0,0,6.01,N/A
EWZ,ISHARES INC MSCI BRAZIL ETF,0,0.0,Down,0,0,27.8,N/A
EXPE,EXPEDIA GROUP INC COM NEW,280.095,0.0,UP,2.41,15.72,2.12,N/A
F,FORD MTR CO COM,13.8,12.5,UP,0.29,9.35,92.68,N/A
FAS,DIREXION SHS ETF TR DLY FIN BULL NEW,0,0.0,Down,0,0,0.56,N/A
FBTC,Fidelity Wise Origin Bitcoin Fund,0,0.0,Down,0,0,6.19,N/A
FCEL,FUELCELL ENERGY INC COM NEW,8.76,25.0,UP,2.74,-2.93,3.79,N/A
FCX,FREEPORT-MCMORAN INC CL B,48.72,3.1,UP,2.69,22.56,19.4,N/A
FDX,FEDEX CORP COM,287.0275,0.8,UP,0.76,13.72,1.83,N/A
FEZ,SPDR INDEX SHS FDS EURO STOXX 50,0,0.0,Down,0,0,1.34,N/A
FFAI,FARADAY FUTURE INTLGT ELEC INC COM NEW CL A,1.115,0.0,DOWN,294.05,-0.57,7.45,N/A
FHN,FIRST HORIZON CORPORATION COM,23.8,6.3,UP,3.8,12.19,10.94,N/A
FIG,FIGMA INC CLASS A COM STK,38.145,0.0,DOWN,19.51,163.56,9.43,N/A
FIS,FIDELITY NATL INFORMATION SVCS COM,67.45,0.0,DOWN,3.37,10.66,3.82,N/A
FISV,FISERV INC COM,69.04,0.0,DOWN,0,8.26,9.97,N/A
FLY,FIREFLY AEROSPACE INC COM,23.4,3.1,DOWN,33.51,-30.59,2.21,N/A
FSLR,FIRST SOLAR INC COM,267.365,0.4,UP,5.68,11.36,2.22,N/A
FSLY,FASTLY INC CL A,10.46,3.1,UP,2.64,76.97,4.57,N/A
FTAI,FTAI AVIATION LTD SHS,181.79,3.1,UP,7.95,26.95,1.08,N/A
FTNT,FORTINET INC COM,82.4119,0.8,DOWN,9.63,28.17,5.4,N/A
FUBO,FUBOTV INC CLASS A COM SHS,2.76,50.0,DOWN,0.59,26.29,14.82,N/A
FUTU,FUTU HLDGS LTD SPON ADS CL A,174.145,3.1,UP,1.28,15.36,2.11,N/A
FXI,ISHARES TR CHINA LG-CAP ETF,0,0.0,Down,0,0,31.53,N/A
GAP,GAP INC COM,26.84,3.1,UP,0.65,11.72,8.98,N/A
GBTC,GRAYSCALE BITCOIN TRUST ETF SHS REP COM UT,0,0.0,Down,0,0,5.1,N/A
GD,GENERAL DYNAMICS CORP COM,339.6601,0.8,UP,1.78,19.7,1.15,N/A
GDDY,GODADDY INC CL A,126.47,6.3,DOWN,3.6,12.66,1.48,N/A
GDX,VANECK ETF TRUST GOLD MINERS ETF,0,0.0,Down,0,0,27.2,N/A
GDXJ,VANECK ETF TRUST JUNIOR GOLD MINE,0,0.0,Down,0,0,6.47,N/A
GE,GE AEROSPACE COM NEW,298.845,1.6,UP,7.21,41.47,4.1,N/A
GEHC,GE HEALTHCARE TECHNOLOGIES INC COMMON STOCK,85.4078,0.0,UP,1.93,17.34,3.65,N/A
GEMI,GEMINI SPACE STA INC CL A COM,14.68,0.0,DOWN,10.63,-5.58,3.02,N/A
GEV,GE VERNOVA INC COM,675.99,0.0,UP,4.89,52.3,3.11,N/A
GILD,GILEAD SCIENCES INC COM,123.06,0.0,UP,5.25,14.08,7.32,N/A
GLD,SPDR GOLD TR GOLD SHS,0,0.0,Down,0,0,15.96,N/A
GLW,CORNING INC COM,93.64,3.1,UP,5.38,30.45,7.35,N/A
GLXY,GALAXY DIGITAL INC. CL A,29.55,0.0,UP,0.5,-406.3,9.02,N/A
GM,GENERAL MTRS CO COM,81.1954,0.0,UP,0.41,7.0,9.46,N/A
GME,GAMESTOP CORP NEW CL A,21.8,6.3,DOWN,2.56,26.91,7.25,N/A
GNRC,GENERAC HLDGS INC COM,165.25,0.0,UP,2.23,20.05,1.13,N/A
GOOG,ALPHABET INC CAP STK CL C,312.48,0.1,UP,9.79,27.96,23.59,N/A
GOOGL,ALPHABET INC CAP STK CL A,311.23,0.0,UP,9.78,27.85,36.84,N/A
GOOS,CANADA GOOSE HLDGS INC SHS SUB VTG,13.18,0.0,UP,0.94,16.2,0.62,N/A
GPRO,GOPRO INC CL A,1.77,50.0,UP,0.43,35.4,7.89,N/A
GRAB,GRAB HOLDINGS LIMITED CLASS A ORD,5.2324,0.0,UP,6.62,50.47,54.44,N/A
GRRR,GORILLA TECHNOLOGY GROUP INC SHS NEW,14.62,0.0,DOWN,3.32,15.72,1.54,N/A
GS,GOLDMAN SACHS GROUP INC COM,910.91,0.0,UP,4.81,16.53,2.02,N/A
GSK,GSK PLC SPONSORED ADR,48.84,3.1,UP,3.06,10.49,5.18,N/A
GTLB,GITLAB INC CLASS A COM,40.57,0.0,DOWN,7.54,39.22,4.56,N/A
GTM,ZOOMINFO TECHNOLOGIES INC COMMON STOCK,9.905,25.0,DOWN,2.55,8.92,4.48,N/A
HAL,HALLIBURTON CO COM,29.245,0.0,UP,1.13,13.21,12.74,N/A
HD,HOME DEPOT INC COM,359.99,0.0,DOWN,2.16,23.71,3.9,N/A
HIMS,HIMS & HERS HEALTH INC COM CL A,38.47,0.8,DOWN,3.96,33.98,26.15,N/A
HIVE,HIVE DIGITAL TECHNOLOGIES LTD COM NEW,3.2698,50.0,UP,4.03,4.95,31.04,N/A
HL,HECLA MNG CO COM,20.02,0.0,UP,10.96,26.74,21.88,N/A
HLF,HERBALIFE LTD COM SHS,14.5701,25.0,UP,0.3,5.29,1.7,N/A
HLT,HILTON WORLDWIDE HLDGS INC COM,280.445,0.0,UP,13.54,30.7,1.77,N/A
HOG,HARLEY DAVIDSON INC COM,22.25,6.3,DOWN,0.58,10.28,1.96,N/A
HON,HONEYWELL INTL INC COM,193.67,0.0,DOWN,3.21,18.33,4.62,N/A
HOOD,ROBINHOOD MKTS INC COM CL A,123.83,0.8,UP,26.49,47.63,32.51,N/A
HPE,HEWLETT PACKARD ENTERPRISE CO COM,24.155,0.0,UP,0.93,8.81,31.82,N/A
HPQ,HP INC COM,25.245,0.0,DOWN,0.43,7.78,12.24,N/A
HRL,HORMEL FOODS CORP COM,23.915,3.1,DOWN,1.09,15.35,4.97,N/A
HSBC,HSBC HLDGS PLC SPON ADR NEW,75.27,0.0,UP,4.46,9.08,1.67,N/A
HSY,HERSHEY CO COM,182.7,0.0,UP,3.22,26.68,1.68,N/A
HTZ,HERTZ GLOBAL HLDGS INC COM NEW,5.21,0.0,DOWN,0.19,-8.56,11.82,N/A
HUM,HUMANA INC COM,272.5725,0.0,UP,0.26,21.72,1.81,N/A
HUT,HUT 8 CORP COM,45.53,0.0,UP,27.59,-77.17,7.42,N/A
HWM,HOWMET AEROSPACE INC COM,200.65,0.0,UP,10.13,45.22,2.13,N/A
HYG,ISHARES TR IBOXX HI YD ETF,0,0.0,Down,0,1343.92,42.98,N/A
IAU,ISHARES GOLD TR ISHARES NEW,0,0.0,Down,0,0,11.43,N/A
IBIT,ISHARES BITCOIN TRUST ETF SHS BEN INT,0,0.0,Down,0,0,63.15,N/A
IBKR,INTERACTIVE BROKERS GROUP INC COM CL A,65.335,1.6,UP,18.52,27.73,4.53,N/A
IBM,INTERNATIONAL BUSINESS MACHS COM,310.65,0.0,UP,4.44,25.51,5.2,N/A
ICLN,ISHARES TR GL CLEAN ENE ETF,0,0.0,Down,0,0,3.47,N/A
IEF,ISHARES TR 7-10 YR TRSY BD,0,0.0,Down,0,0,8.87,N/A
INO,INOVIO PHARMACEUTICALS INC COM SHS,2.1386,0.0,UP,805.81,-1.43,1.14,N/A
INOD,INNODATA INC COM NEW,53.22,0.0,UP,7.11,41.58,1.7,N/A
INTC,INTEL CORP COM,39.9165,1.6,UP,3.56,67.03,116.22,N/A
INTU,INTUIT COM,679.16,0.8,UP,9.73,25.73,1.85,N/A
IONQ,IONQ INC COM,52.04,0.0,UP,230.93,-40.93,29.79,N/A
IOT,SAMSARA INC COM CL A,42.54,0.0,UP,16.14,72.8,5.05,N/A
IOVA,IOVANCE BIOTHERAPEUTICS INC COM,2.23,0.0,DOWN,3.53,-3.65,13.76,N/A
IP,INTERNATIONAL PAPER CO COM,39.13,0.0,DOWN,0.85,16.91,4.81,N/A
IQ,IQIYI INC SPONSORED ADS,2.065,0.0,DOWN,0.07,16.96,11.33,N/A
IREN,IREN LIMITED ORDINARY SHARES,43.4984,0.8,UP,18.23,51.94,42.05,N/A
IRM,IRON MTN INC DEL COM,88.13,0.0,DOWN,3.92,38.95,1.81,N/A
ISRG,INTUITIVE SURGICAL INC COM NEW,546.1,0.0,UP,20.37,56.14,2.25,N/A
ITB,iShares U.S. Home Construction ETF,0,0.0,Down,0,0,2.38,N/A
IVV,ISHARES TR CORE S&P500 ETF,0,0.0,Down,0,0,7.96,N/A
IWM,ISHARES TR RUSSELL 2000 ETF,0,0.0,Down,0,0,41.84,N/A
IYR,ISHARES TR U.S. REAL ES ETF,0,0.0,Down,0,0,6.65,N/A
JBLU,JETBLUE AWYS CORP COM,4.885,25.0,UP,0.2,-4.66,19.86,N/A
JD,JD.COM INC SPON ADS CL A,29.8,6.3,DOWN,0.03,8.25,14.8,N/A
JETS,ETF SER SOLUTIONS US GLB JETS,0,0.0,Down,0,0,3.28,N/A
JMIA,JUMIA TECHNOLOGIES AG SPONSORED ADS,12.548,0.0,UP,8.87,-36.91,3.2,N/A
JNJ,JOHNSON & JOHNSON COM,210.56,0.0,UP,5.51,18.26,8.89,N/A
JOBY,JOBY AVIATION INC COMMON STOCK,15.77,12.5,UP,634.99,-20.74,38.36,N/A
JPM,JPMORGAN CHASE & CO. COM,319.08,1.6,UP,5.25,14.99,8.69,N/A
KEY,KEYCORP COM,20.555,0.0,UP,3.8,11.58,21.78,N/A
KGC,KINROSS GOLD CORP COM,29.089,0.0,UP,5.52,11.84,13.06,N/A
KHC,KRAFT HEINZ CO COM,24.57,0.0,DOWN,1.16,9.75,15.72,N/A
KKR,KKR & CO INC COM,141.065,0.0,UP,5.87,20.93,4.65,N/A
KMB,KIMBERLY-CLARK CORP COM,103.48,0.0,DOWN,1.74,13.54,4.97,N/A
KMI,KINDER MORGAN INC DEL COM,26.965,1.6,DOWN,3.65,19.42,14.05,N/A
KO,COCA COLA CO COM,69.6006,3.1,DOWN,6.28,21.62,16.58,N/A
KOLD,PROSHARES TR II ULSHT BLOOMB GAS,0,0.0,Down,0,0,5.84,N/A
KOPN,KOPIN CORP COM,2.705,0.0,UP,10.46,270.5,4.98,N/A
KR,KROGER CO COM,62.22,0.0,DOWN,0.27,11.75,7.0,N/A
KRE,SPDR SERIES TRUST STATE STREET SPD,0,0.0,Down,0,0,17.76,N/A
KSS,KOHLS CORP COM,24.0102,0.0,UP,0.17,18.28,5.49,N/A
KTOS,KRATOS DEFENSE & SEC SOLUTIONS COM NEW,78.48,0.0,UP,10.31,103.91,4.06,N/A
KVUE,KENVUE INC COM,17.395,6.3,DOWN,2.22,15.72,41.21,N/A
KWEB,KRANESHARES TRUST CSI CHI INTERNET,0,0.0,Down,0,0,21.73,N/A
LABD,DIREXION SHS ETF TR DAILY S&P BIOTEC,0,0.0,Down,0,0,2.3,N/A
LABU,DIREXION SHS ETF TR DAILY S&P BIOTCH,0,0.0,Down,0,0,0.93,N/A
LAC,LITHIUM AMERS CORP NEW COM SHS,5.3103,25.0,UP,0,-13.03,45.01,N/A
LAES,SEALSQ CORP ORD SHS,4.63,0.0,UP,75.45,0,32.07,N/A
LASE,LASER PHOTONICS CORP COM,2.9417,0.0,DOWN,9.53,0,2.89,N/A
LAZR,LUMINAR TECHNOLOGIES INC COM NEW CL A,0.9789,25.0,DOWN,1.01,-0.44,8.05,N/A
LCID,LUCID GROUP INC COM NEW,13.12,0.0,DOWN,3.99,-2.03,9.19,N/A
LDI,LOANDEPOT INC COM CL A,2.7,0.0,UP,0.85,17.2,7.54,N/A
LEN,LENNAR CORP CL A,119.53,3.1,UP,0.85,13.47,6.03,N/A
LEVI,LEVI STRAUSS & CO NEW CL A COM STK,22.19,0.0,UP,1.33,15.07,2.81,N/A
LHX,L3HARRIS TECHNOLOGIES INC COM,290.91,0.0,UP,2.5,23.44,1.12,N/A
LI,LI AUTO INC SPONSORED ADS,17.37,6.3,DOWN,0.14,19.93,4.82,N/A
LITE,LUMENTUM HLDGS INC COM,350.7,0.0,UP,13.5,42.85,4.2,N/A
LLY,ELI LILLY & CO COM,1011.705,0.0,UP,15.26,31.22,3.84,N/A
LMND,LEMONADE INC COM,81.05,0.0,UP,9.2,-51.62,2.8,N/A
LMT,LOCKHEED MARTIN CORP COM,472.14,0.4,UP,1.5,16.22,1.34,N/A
LNG,CHENIERE ENERGY INC COM NEW,193.0699,12.5,DOWN,2.24,13.45,1.83,N/A
LOW,LOWES COS INC COM,248.77,3.1,UP,1.66,19.14,3.0,N/A
LQD,ISHARES TR IBOXX INV CP ETF,0,57.5,Down,0,0,33.2,N/A
LQDA,LIQUIDIA CORPORATION COM NEW,33.46,1.6,UP,42.05,15.88,2.42,N/A
LRCX,LAM RESEARCH CORP COM NEW,167.18,0.8,UP,10.76,29.9,11.34,N/A
LULU,LULULEMON ATHLETICA INC COM,210.98,0.0,DOWN,2.32,16.2,4.08,N/A
LUMN,LUMEN TECHNOLOGIES INC COM,8.9,6.3,UP,0.72,-19.42,19.19,N/A
LUNR,INTUITIVE MACHINES INC CLASS A COM,12.715,0.0,UP,6.9,3363.76,7.39,N/A
LUV,SOUTHWEST AIRLS CO COM,41.655,0.0,UP,0.79,15.73,9.57,N/A
LVS,LAS VEGAS SANDS CORP COM,65.615,3.1,UP,3.67,20.64,5.56,N/A
LYFT,LYFT INC CL A COM,20.64,0.0,UP,1.34,13.88,18.82,N/A
M,MACYS INC COM,24.12,0.0,UP,0.28,10.91,7.77,N/A
MA,MASTERCARD INCORPORATED CL A,569.79,0.2,UP,16.37,29.83,2.79,N/A
MAGS,Roundhill Magnificent Seven ETF,0,0.0,Down,0,0,3.29,N/A
MANU,MANCHESTER UTD PLC NEW ORD CL A,15.68,0.0,DOWN,4.06,39.7,0.44,N/A
MAR,MARRIOTT INTL INC NEW CL A,296.98,0.8,UP,11.73,26.07,1.57,N/A
MARA,MARA HOLDINGS INC COM,12.095,0.0,DOWN,4.98,-44.8,53.23,N/A
MBLY,MOBILEYE GLOBAL INC COMMON CLASS A,11.54,0.0,DOWN,4.85,28.36,5.12,N/A
MCD,MCDONALDS CORP COM,312.87,0.0,UP,8.5,23.66,3.18,N/A
MCHP,MICROCHIP TECHNOLOGY INC. COM,69.375,0.0,UP,8.9,27.79,8.33,N/A
MCK,MCKESSON CORP COM,820.49,0.0,UP,0.26,18.72,0.76,N/A
MDB,MONGODB INC CL A,419.35,0.8,UP,14.73,75.57,1.92,N/A
MDLZ,MONDELEZ INTL INC CL A,54.08,0.0,DOWN,1.86,17.12,8.9,N/A
MDT,MEDTRONIC PLC SHS,99.7509,1.6,UP,3.68,16.32,7.17,N/A
MELI,MERCADOLIBRE INC COM,2040.95,0.0,DOWN,3.95,33.45,0.54,N/A
META,META PLATFORMS INC CL A,646.825,0.8,DOWN,8.61,21.47,17.69,N/A
METU,DIREXION SHS ETF TR DAILY META BULL,0,0.0,Down,0,0,4.47,N/A
MLCO,MELCO RESORTS AND ENTMNT LTD ADR,8.33,50.0,UP,0.64,11.24,2.35,N/A
MMM,3M CO COM,169.39,1.6,UP,3.63,19.6,3.02,N/A
MNKD,MANNKIND CORP COM NEW,5.915,N/A,UP,5.79,40.33,3.98,N/A
MO,ALTRIA GROUP INC COM,58.48,0.0,DOWN,4.87,10.47,8.41,N/A
MP,MP MATERIALS CORP COM CL A,59.215,0.0,UP,45.09,79.47,14.69,N/A
MPW,MEDICAL PPTYS TRUST INC COM,5.18,0.0,UP,3.09,43.17,8.16,N/A
MRK,MERCK & CO INC COM,99.515,3.1,UP,3.87,11.81,13.45,N/A
MRNA,MODERNA INC COM,30.085,0.0,UP,5.27,-4.29,10.87,N/A
MRVL,MARVELL TECHNOLOGY INC COM,88.21,0.0,UP,9.76,24.66,20.56,N/A
MS,MORGAN STANLEY COM NEW,180.66,0.0,UP,4.21,17.25,5.74,N/A
MSFT,MICROSOFT CORP COM,479.52,0.4,UP,12.13,25.61,22.46,N/A
MSOS,ADVISORSHARES TR PURE US CANNABIS,0,0.0,Down,0,0,9.45,N/A
MSTR,STRATEGY INC CL A NEW,183.8105,3.1,DOWN,111.21,2.37,15.6,N/A
MSTU,T-Rex 2X Long MSTR Daily Target ETF,0,0.0,Down,0,0,9.12,N/A
MSTX,TIDAL TRUST II DEF DLY TGT 2X L,0,0.0,Down,0,0,18.99,N/A
MSTY,TIDAL TRUST II YIELDMAX MSTR OP,0,0.0,Down,0,0,2.18,N/A
MSTZ,T-Rex 2X Inverse MSTR Daily Target ETF,0,0.0,Down,0,0,20.95,N/A
MT,ARCELORMITTAL SA LUXEMBOURG NY REGISTRY SH,46.47,0.0,UP,0.58,9.44,1.32,N/A
MU,MICRON TECHNOLOGY INC COM,249.245,1.6,UP,7.5,11.59,25.67,N/A
MVIS,MICROVISION INC DEL COM NEW,0.9903,12.5,DOWN,114.78,-5.21,5.97,N/A
NAIL,DBX ETF TR DALY HOM B&S BUL,0,0.0,Down,0,0,1.34,N/A
NAK,NORTHERN DYNASTY MINERALS LTD COM NEW,2.1899,0.0,UP,0,-75.5,14.82,N/A
NB,NIOCORP DEVS LTD COM NEW,6.53,0.0,UP,0,-18.66,8.69,N/A
NBIS,NEBIUS GROUP N.V. SHS CLASS A,93.3115,0.0,UP,64.68,-40.84,19.31,N/A
NCLH,NORWEGIAN CRUISE LINE HLDG LTD SHS,21.16,0.0,UP,0.99,7.98,15.87,N/A
NEE,NEXTERA ENERGY INC COM,81.94,0.8,UP,6.49,20.46,10.17,N/A
NEM,NEWMONT CORP COM,101.42,0.0,UP,5.18,13.13,11.4,N/A
NET,CLOUDFLARE INC CL A COM,206.01,0.0,UP,35.84,175.09,2.71,N/A
NFE,NEW FORTRESS ENERGY INC COM CL A,1.35,50.0,DOWN,0.22,-0.74,20.91,N/A
NFLX,NETFLIX INC COM,96.264,1.6,DOWN,9.4,29.68,42.26,N/A
NIO,NIO INC SPON ADS,5.227,0.0,UP,0.18,-10.89,63.75,N/A
NKE,NIKE INC CL B,68.725,3.1,UP,2.19,27.58,15.15,N/A
NLY,ANNALY CAPITAL MANAGEMENT INC COM NEW,22.485,0.8,UP,8.79,7.56,7.25,N/A
NMAX,NEWSMAX INC COM SHS CLASS B,10.09,0.0,DOWN,7.05,-126.13,0.81,N/A
NN,NEXTNAV INC COMMON STOCK,16.747,0.0,UP,407.65,-29.64,1.32,N/A
NNE,NANO NUCLEAR ENERGY INC COM,38.1,0.0,UP,0,-29.77,3.54,N/A
NOK,NOKIA CORP SPONSORED ADR,6.335,25.0,UP,1.78,16.45,48.26,N/A
NOW,SERVICENOW INC COM,872.445,0.0,DOWN,14.34,42.78,1.42,N/A
NRG,NRG ENERGY INC COM NEW,170.47,0.0,UP,1.11,18.2,2.15,N/A
NSC,NORFOLK SOUTHN CORP COM,295.16,0.0,UP,5.42,22.48,1.42,N/A
NTAP,NETAPP INC COM,118.48,0.0,UP,3.56,13.86,2.05,N/A
NTR,NUTRIEN LTD COM,61.855,1.6,UP,1.17,13.54,2.65,N/A
NU,NU HLDGS LTD ORD SHS CL A,16.885,6.3,UP,12.86,18.55,39.57,N/A
NUGT,DIREXION SHS ETF TR DLY GOLD INDX 2X,0,0.0,Down,0,0,1.29,N/A
NVAX,NOVAVAX INC COM NEW,6.685,0.0,DOWN,1.02,-14.8,4.17,N/A
NVDA,NVIDIA CORPORATION COM,181.3,3.1,UP,23.59,24.29,191.05,N/A
NVDL,GRANITESHARES ETF TR 2X LONG NVDA DAI,0,0.0,Down,0,0,13.65,N/A
NVDX,T-Rex 2X Long NVIDIA Daily Target ETF,0,0.0,Down,0,0,12.3,N/A
NVO,NOVO-NORDISK A S ADR,50.595,6.3,DOWN,0.71,14.64,16.78,N/A
NVTS,NAVITAS SEMICONDUCTOR CORP COM,9.135,0.0,UP,37.2,-45.27,40.01,N/A
NXPI,NXP SEMICONDUCTORS N V COM,234.33,1.6,UP,4.9,17.04,2.65,N/A
OKLO,OKLO INC COM CL A,98.5195,3.1,UP,0,-157.54,19.52,N/A
OKTA,OKTA INC CL A,91.22,0.0,DOWN,5.69,24.68,2.47,N/A
ON,ON SEMICONDUCTOR CORP COM,56.21,0.0,UP,3.72,19.27,8.98,N/A
ONDS,ONDAS HLDGS INC COM NEW,8.94,6.3,UP,134.58,-77.74,79.27,N/A
ONON,ON HLDG AG NAMEN AKT A,49.5,0.0,UP,5.68,29.18,7.02,N/A
OPAD,OFFERPAD SOLUTIONS INC COM CL A,1.94,25.0,DOWN,0.11,-3.55,3.0,N/A
OPEN,OPENDOOR TECHNOLOGIES INC COM,7.095,0.0,UP,1.43,-33.38,159.39,N/A
ORCL,ORACLE CORP COM,193.825,3.1,DOWN,9.06,24.29,25.94,N/A
OSCR,OSCAR HEALTH INC CL A,16.465,1.6,UP,0.42,-174.27,16.29,N/A
OUST,OUSTER INC COM NEW,25.555,0.0,UP,11.17,-60.85,2.7,N/A
OWL,BLUE OWL CAPITAL INC COM CL A,16.135,0.0,DOWN,9.19,16.34,13.87,N/A
OXY,OCCIDENTAL PETE CORP COM,41.32,3.1,DOWN,1.53,25.56,10.33,N/A
PAA,PLAINS ALL AMERN PIPELINE L P UNIT LTD PARTN,17.7799,6.3,UP,0.27,10.29,2.88,N/A
PAAS,PAN AMERN SILVER CORP COM,52.145,0.0,UP,6.76,14.36,6.6,N/A
PANW,PALO ALTO NETWORKS INC COM,192.315,0.8,UP,13.76,44.29,5.52,N/A
PATH,UIPATH INC CL A,17.81,6.3,UP,6.13,23.51,25.64,N/A
PBR,PETROLEO BRASILEIRO SA PETROBR SPONSORED ADR,12.2993,12.5,DOWN,0.16,4.85,22.23,N/A
PCG,PG&E CORP COM,15.105,0.0,DOWN,1.34,9.26,23.67,N/A
PCT,PURECYCLE TECHNOLOGIES INC COM,9.44,6.3,DOWN,300.54,-12.93,3.44,N/A
PDD,PDD HOLDINGS INC SPONSORED ADS,112.172,0.0,DOWN,0.38,9.09,8.09,N/A
PEP,PEPSICO INC COM,148.901,0.4,UP,2.21,17.38,7.41,N/A
PFE,PFIZER INC COM,25.855,3.1,UP,2.34,8.44,68.1,N/A
PG,PROCTER AND GAMBLE CO COM,141.711,1.6,DOWN,3.91,19.21,8.79,N/A
PGR,PROGRESSIVE CORP COM,231.91,1.6,DOWN,1.6,14.26,3.46,N/A
PHM,PULTE GROUP INC COM,127.21,0.0,UP,1.42,11.6,2.05,N/A
PINS,PINTEREST INC CL A,26.715,0.0,DOWN,4.48,13.78,13.26,N/A
PL,PLANET LABS PBC COM CL A,18.21,0.0,UP,20.22,-259.73,11.3,N/A
PLTR,PALANTIR TECHNOLOGIES INC CL A,184.12,3.1,UP,112.63,185.94,51.84,N/A
PLUG,PLUG POWER INC COM NEW,2.37,50.0,UP,4.88,-7.37,137.18,N/A
PM,PHILIP MORRIS INTL INC COM,150.065,0.0,DOWN,5.84,17.99,6.59,N/A
PNC,PNC FINL SVCS GROUP INC COM,211.91,1.6,UP,3.82,11.97,1.97,N/A
POET,POET TECHNOLOGIES INC COM NEW,6.9665,6.3,UP,1203.59,-36.67,11.33,N/A
PONY,PONY AI INC SPONSORED ADS,14.9858,1.6,UP,67.4,-26.24,7.2,N/A
PPG,PPG INDS INC COM,103.105,0.0,DOWN,1.48,12.65,1.98,N/A
PSKY,PARAMOUNT SKYDANCE CORP COM CL B,14.1699,0.0,UP,0.54,13.51,8.79,N/A
PSQH,PSQ HOLDINGS INC CL A,1.4235,50.0,DOWN,2.39,-5.93,1.21,N/A
PSX,PHILLIPS 66 COM,142.575,1.6,UP,0.44,12.0,2.44,N/A
PTON,PELOTON INTERACTIVE INC CL A COM,6.825,25.0,DOWN,1.16,75.83,11.85,N/A
PYPL,PAYPAL HLDGS INC COM,61.835,1.6,DOWN,1.8,10.64,16.61,N/A
QBTS,D-WAVE QUANTUM INC COM,27.47,0.8,UP,406.2,-128.97,53.0,N/A
QCOM,QUALCOMM INC COM,182.865,0.0,UP,4.46,14.74,10.02,N/A
QQQ,INVESCO QQQ TR UNIT SER 1,0,0.0,Down,0,0,57.97,N/A
QS,QUANTUMSCAPE CORP COM CL A,12.737,0.0,UP,0,-19.18,40.01,N/A
QSI,QUANTUM SI INC COM CL A,1.3659,50.0,DOWN,92.65,-3.33,11.73,N/A
QUBT,QUANTUM COMPUTING INC COM,12.825,12.5,DOWN,5264.43,-67.5,38.91,N/A
QXO,QXO INC COM NEW,22.1786,0.0,UP,3.21,48.69,7.92,N/A
RANI,RANI THERAPEUTICS HLDGS INC COM CL A,1.51,0.0,UP,154.33,-4.77,18.23,N/A
RBLX,ROBLOX CORP CL A,91.611,3.1,DOWN,14.41,-56.98,7.48,N/A
RBRK,RUBRIK INC. CL A,83.41,0.0,UP,13.95,1036.28,3.4,N/A
RCAT,RED CAT HLDGS INC COM,8.615,0.0,UP,138.15,123.07,11.77,N/A
RCL,ROYAL CARIBBEAN GROUP COM,278.89,1.6,UP,4.36,15.69,2.24,N/A
RDDT,REDDIT INC CL A,234.525,1.6,UP,23.33,38.3,5.46,N/A
RDW,REDWIRE CORPORATION COM,7.93,6.3,DOWN,4.42,-20.87,7.95,N/A
REGN,REGENERON PHARMACEUTICALS COM,738.24,1.6,UP,5.49,16.73,1.11,N/A
REPL,REPLIMUNE GROUP INC COM,9.8234,12.5,UP,0,-4.76,5.08,N/A
RGTI,RIGETTI COMPUTING INC COMMON STOCK,26.39,3.1,UP,1162.18,-182.0,81.71,N/A
RH,RH COM,167.97,0.0,DOWN,0.94,14.38,0.97,N/A
RIG,TRANSOCEAN LTD REGISTERED SHS,4.28,25.0,UP,1.22,26.94,48.83,N/A
RILY,B. RILEY FINANCIAL INC COM,3.99,3.1,DOWN,0.21,0,0.67,N/A
RIOT,RIOT PLATFORMS INC COM,16.16,0.0,UP,9.43,-26.49,27.16,N/A
RIVN,RIVIAN AUTOMOTIVE INC COM CL A,19.0699,0.0,UP,4.01,-7.98,47.96,N/A
RKLB,ROCKET LAB CORP COM,64.5411,3.1,UP,62.17,-553.19,22.13,N/A
RKT,ROCKET COS INC COM CL A,19.17,0.0,UP,8.85,23.68,39.55,N/A
RNG,RINGCENTRAL INC CL A,31.12,0.0,UP,1.08,6.51,1.43,N/A
ROKU,ROKU INC COM CL A,108.4246,0.0,UP,3.53,94.4,3.16,N/A
ROST,ROSS STORES INC COM,183.73,0.0,UP,2.71,25.74,2.6,N/A
RR,RICHTECH ROBOTICS INC CL B,4.5791,0.0,UP,220.12,0,41.76,N/A
RSP,INVESCO EXCHANGE TRADED FD TR S&P500 EQL WGT,0,0.0,Down,0,0,16.82,N/A
RTX,RTX CORPORATION COM,178.27,0.0,UP,2.78,26.28,4.7,N/A
RUM,RUMBLE INC COM CL A,7.27,25.0,DOWN,23.75,-23.45,3.76,N/A
RUN,SUNRUN INC COM,18.58,0.0,UP,1.86,24.17,8.8,N/A
RXRX,RECURSION PHARMACEUTICALS INC CL A,4.595,0.0,DOWN,54.82,-3.67,43.35,N/A
RZLV,REZOLVE AI PLC ORD SHS,2.63,0.0,DOWN,160.08,0,19.29,N/A
S,SENTINELONE INC CL A,15.03,0.0,DOWN,5.35,49.9,6.75,N/A
SAP,SAP SE SPON ADR,247.3,0.8,DOWN,7.91,29.25,1.56,N/A
SATS,ECHOSTAR CORP CL A,105.41,0.0,UP,2.0,-30.08,4.43,N/A
SAVA,CASSAVA SCIENCES INC COM,3.195,0.0,UP,0,-1.81,2.79,N/A
SBET,SHARPLINK GAMING INC COM NEW,11.65,0.0,DOWN,174.84,13.16,13.15,N/A
SBUX,STARBUCKS CORP COM,85.58,3.1,DOWN,2.62,28.4,9.84,N/A
SCHD,SCHWAB STRATEGIC TR US DIVIDEND EQ,0,0.0,Down,0,0,17.84,N/A
SCHW,SCHWAB CHARLES CORP COM,95.32,0.0,UP,7.55,16.97,8.89,N/A
SE,SEA LTD SPONSORD ADS,128.73,6.3,DOWN,3.62,25.27,4.68,N/A
SEDG,SOLAREDGE TECHNOLOGIES INC COM,30.7775,6.3,UP,1.76,87.05,4.0,N/A
SERV,SERVE ROBOTICS INC COM,13.4301,3.1,UP,514.44,-7.52,10.69,N/A
SFIX,STITCH FIX INC COM CL A,5.61,0.0,UP,0.58,-225.48,2.96,N/A
SG,SWEETGREEN INC COM CL A,7.315,12.5,DOWN,1.26,-13.61,5.98,N/A
SHAK,SHAKE SHACK INC CL A,83.475,0.0,DOWN,2.59,51.77,1.35,N/A
SHEL,SHELL PLC SPON ADS,72.39,0.0,UP,0.77,10.97,4.16,N/A
SHOP,SHOPIFY INC CL A SUB VTG SHS,163.057,0.0,UP,19.85,88.5,8.5,N/A
SIG,SIGNET JEWELERS LIMITED SHS,90.72,1.6,UP,0.54,8.61,0.84,N/A
SILJ,AMPLIFY ETF TR AMPLIFY JUNIOR S,0,0.0,Down,0,0,7.94,N/A
SIRI,SIRIUSXM HOLDINGS INC COMMON STOCK,22.0,0.2,DOWN,0.87,7.05,3.55,N/A
SKYT,SKYWATER TECHNOLOGY INC COM,19.3721,6.3,UP,2.71,-68.78,2.13,N/A
SLB,SLB LIMITED COM STK,40.325,3.1,UP,1.71,13.61,16.6,N/A
SLV,ISHARES SILVER TR ISHARES,0,0.0,Down,0,0,38.59,N/A
SMCI,SUPER MICRO COMPUTER INC COM NEW,34.015,0.0,DOWN,0.96,11.18,28.39,N/A
SMH,VANECK ETF TRUST SEMICONDUCTR ETF,0,0.0,Down,0,0,8.19,N/A
SMMT,SUMMIT THERAPEUTICS INC COM,17.79,6.3,DOWN,0,-17.86,3.35,N/A
SMR,NUSCALE PWR CORP CL A COM,20.33,6.3,DOWN,89.99,-36.45,24.01,N/A
SNAP,SNAP INC CL A,7.635,0.0,DOWN,2.27,15.9,83.49,N/A
SNDK,SANDISK CORP COM,223.74,0.0,UP,4.21,11.01,11.04,N/A
SNOW,SNOWFLAKE INC COM SHS,219.975,0.1,UP,17.16,134.43,4.98,N/A
SNPS,SYNOPSYS INC COM,475.87,0.0,DOWN,12.86,28.1,2.61,N/A
SNV,SYNOVUS FINL CORP COM NEW,52.965,0.8,UP,3.21,9.49,1.27,N/A
SO,SOUTHERN CO COM,84.72,1.6,DOWN,3.23,18.54,5.98,N/A
SOC,SABLE OFFSHORE CORP COM SHS,6.03,0.0,DOWN,0,-2.77,6.57,N/A
SOFI,SOFI TECHNOLOGIES INC COM,27.175,0.0,UP,10.41,47.18,73.4,N/A
SONY,SONY GROUP CORP SPONSORED ADR,26.865,3.1,UP,0.01,22.58,4.03,N/A
SOUN,SOUNDHOUND AI INC CLASS A COM,12.3346,12.5,UP,34.92,-164.46,45.51,N/A
SOXL,DIREXION SHS ETF TR DLY SCOND 3XBU,0,0.0,Down,0,0,89.6,N/A
SOXS,DIREXION SHS ETF TR DAILY SEMICONDUC,0,0.0,Down,0,0,281.65,N/A
SOXX,ISHARES TR ISHARES SEMICDTR,0,0.0,Down,0,0,7.23,N/A
SPCE,VIRGIN GALACTIC HOLDINGS INC COM NEW,3.46,12.5,UP,131.65,-0.83,4.34,N/A
SPGI,S&P GLOBAL INC COM,501.435,1.6,DOWN,10.2,25.33,1.71,N/A
SPOT,SPOTIFY TECHNOLOGY S A SHS,604.0,0.8,DOWN,7.36,42.41,1.8,N/A
SPXL,DIREXION SHS ETF TR DRX S&P500BULL,0,0.0,Down,0,0,3.51,N/A
SPXS,DIREXION SHS ETF TR DAILY S&P 500 B,0,0.0,Down,0,0,6.27,N/A
SPXU,PROSHARES TR ULTRAPRO SHORT S,0,0.0,Down,0,0,8.53,N/A
SPY,SPDR S&P 500 ETF TR TR UNIT,0,0.0,Down,0,0,79.48,N/A
SQQQ,PROSHARES TR ULTRAPRO SHORT,0,0.0,Down,0,0,32.78,N/A
SRPT,SAREPTA THERAPEUTICS INC COM,21.54,0.0,DOWN,0.94,7.44,5.4,N/A
SSO,PROSHARES TR PSHS ULT S&P 500,0,0.0,Down,0,74.53,5.1,N/A
STLA,STELLANTIS N.V SHS,11.9319,6.3,UP,0.24,6.0,16.55,N/A
STX,SEAGATE TECHNOLOGY HLDNGS PLC ORD SHS,296.37,1.6,UP,6.76,20.08,4.44,N/A
STZ,CONSTELLATION BRANDS INC CL A,150.38,0.0,DOWN,2.72,12.11,2.68,N/A
SU,SUNCOR ENERGY INC NEW COM,44.2067,0.0,UP,1.09,14.64,4.16,N/A
SVIX,-1x Short VIX Futures ETF,0,0.0,Down,0,0,3.94,N/A
SYM,SYMBOTIC INC CLASS A COM,63.49,0.0,UP,16.75,81.98,2.86,N/A
T,AT&T INC COM,24.605,0.0,DOWN,1.41,11.03,49.16,N/A
TDOC,TELADOC HEALTH INC COM,7.7399,0.0,DOWN,0.54,-8.84,7.55,N/A
TEAM,ATLASSIAN CORPORATION CL A,164.06,3.1,DOWN,7.91,29.18,2.81,N/A
TECK,TECK RESOURCES LTD CL B,44.0002,0.0,UP,2.05,22.84,4.3,N/A
TEM,TEMPUS AI INC CL A,73.655,3.1,UP,11.86,-157.13,6.56,N/A
TER,TERADYNE INC COM,200.48,0.0,UP,11.15,39.26,3.58,N/A
TEVA,TEVA PHARMACEUTICAL INDS LTD SPONSORED ADS,29.9,3.1,UP,2.04,10.72,11.36,N/A
TGT,TARGET CORP COM,97.77,1.6,UP,0.42,12.73,7.91,N/A
TIGR,UP FINTECH HLDG LTD SPONSORED ADS,9.375,12.5,DOWN,3.41,9.72,4.53,N/A
TJX,TJX COS INC NEW COM,156.75,3.1,UP,2.96,30.43,5.18,N/A
TLN,TALEN ENERGY CORP COM,367.305,0.4,UP,7.16,17.94,0.84,N/A
TLRY,TILRAY BRANDS INC COM,11.23,0.0,UP,1.57,282.66,7.17,N/A
TLT,ISHARES TR 20 YR TR BD ETF,0,0.0,Down,0,-4372.18,32.28,N/A
TMC,TMC THE METALS COMPANY INC COM,7.25,0.0,UP,0,-32.58,9.99,N/A
TMF,DIREXION SHS ETF TR DAILY 20+ YEAR T,0,0.0,Down,0,0,5.45,N/A
TMO,THERMO FISHER SCIENTIFIC INC COM,575.53,0.0,UP,4.94,23.35,2.04,N/A
TMQ,TRILOGY METALS INC NEW COM,4.79,25.0,UP,0,-101.11,14.23,N/A
TMUS,T-MOBILE US INC COM,196.24,12.5,DOWN,2.57,15.8,4.87,N/A
TNA,DIREXION SHS ETF TR DLY SMCAP BULL3X,0,0.0,Down,0,0,13.26,N/A
TOST,TOAST INC CL A,36.09,0.0,DOWN,3.62,28.94,8.43,N/A
TPR,TAPESTRY INC COM,124.12,0.0,UP,3.56,20.05,3.06,N/A
TQQQ,PROSHARES TR ULTRAPRO QQQ,0,0.0,Down,0,0,114.62,N/A
TRIP,TRIPADVISOR INC COM,15.54,0.0,UP,0.96,8.88,2.52,N/A
TSCO,TRACTOR SUPPLY CO COM,51.885,1.6,DOWN,1.78,22.23,5.24,N/A
TSLA,TESLA INC COM,462.545,0.0,UP,16.09,205.12,86.31,N/A
TSLL,DIREXION SHS ETF TR DAILY TSLA 2X SH,0,0.0,Down,0,0,126.43,N/A
TSLQ,INVESTMENT MANAGERS SER TR II TRADR 2X SHORT,0,0.0,Down,0,0,19.76,N/A
TSM,TAIWAN SEMICONDUCTOR MFG LTD SPONSORED ADS,301.015,0.0,UP,0.43,23.92,13.07,N/A
TSSI,TSS INC DEL COM,8.11,0.0,DOWN,1.0,0,2.26,N/A
TTD,THE TRADE DESK INC COM CL A,37.66,0.0,DOWN,6.6,18.06,13.95,N/A
TTWO,TAKE-TWO INTERACTIVE SOFTWARE COM,242.3115,0.4,UP,7.2,30.48,1.65,N/A
TWLO,TWILIO INC CL A,135.24,0.0,UP,4.24,24.82,2.43,N/A
TXN,TEXAS INSTRS INC COM,182.705,0.0,UP,9.62,29.6,7.81,N/A
TXRH,TEXAS ROADHOUSE INC COM,168.23,0.0,DOWN,1.92,25.28,1.09,N/A
TZA,DIREXION SHS ETF TR DAILY SM CP BEAR,0,0.0,Down,0,0,57.75,N/A
U,UNITY SOFTWARE INC COM,48.82,3.1,UP,11.58,51.59,9.9,N/A
UAL,UNITED AIRLS HLDGS INC COM,108.57,3.1,UP,0.6,8.47,6.23,N/A
UAMY,UNITED STATES ANTIMONY CORP COM,5.8,25.0,UP,25.49,52.73,15.36,N/A
UBER,UBER TECHNOLOGIES INC COM,85.1,0.0,DOWN,3.58,20.03,18.53,N/A
UCO,PROSHARES TR II ULTA BLMBG 2017,0,0.0,Down,0,0,2.31,N/A
UEC,URANIUM ENERGY CORP COM,14.34,6.3,UP,139.33,80.79,14.88,N/A
ULTA,ULTA BEAUTY INC COM,597.0609,0.0,UP,2.23,21.13,0.64,N/A
ULTY,TIDAL TRUST II YIELDMAX ULTRA O,0,0.0,Down,0,0,3.22,N/A
UMAC,UNUSUAL MACHS INC COM SHS,10.81,12.5,UP,48.0,-38.61,3.63,N/A
UNG,UNITED STS NAT GAS FD LP UNIT PAR,0,0.0,Down,0,0,12.6,N/A
UNH,UNITEDHEALTH GROUP INC COM,343.805,1.6,DOWN,0.72,19.37,8.45,N/A
UNP,UNION PAC CORP COM,237.485,0.4,UP,5.74,18.75,3.68,N/A
UPRO,PROSHARES TR ULTRPRO S&P500,0,0.0,Down,0,0,5.36,N/A
UPS,UNITED PARCEL SERVICE INC CL B,100.94,0.4,UP,0.96,14.09,7.48,N/A
UPST,UPSTART HLDGS INC COM,50.34,0.0,DOWN,4.91,20.96,6.8,N/A
UPXI,UPEXI INC COM NEW,2.585,0.0,DOWN,7.9,-7.39,4.92,N/A
URA,GLOBAL X FDS GLOBAL X URANIUM,0,0.0,Down,0,0,5.96,N/A
URBN,URBAN OUTFITTERS INC COM,82.19,0.0,UP,1.23,14.29,2.1,N/A
URI,UNITED RENTALS INC COM,848.32,0.8,UP,3.41,17.93,0.6,N/A
USAR,USA RARE EARTH INC COM,18.82,6.3,UP,0,-42.13,14.78,N/A
USB,US BANCORP DEL COM NEW,53.73,3.1,UP,3.21,11.01,9.03,N/A
USO,UNITED STS OIL FD LP UNITS,0,0.0,Down,0,0,5.27,N/A
UUUU,ENERGY FUELS INC COM NEW,15.8302,6.3,UP,47.7,79.15,22.13,N/A
UVIX,2x Long VIX Futures ETF,0,0.0,Down,0,0,29.16,N/A
UVXY,ProShares Ultra VIX Short-Term Futures ETF,0,0.0,Down,0,0,7.57,N/A
UWMC,UWM HOLDINGS CORPORATION COM CL A,5.5599,0.0,UP,3.39,12.31,9.25,N/A
V,VISA INC COM CL A,349.05,1.6,UP,16.84,24.19,6.33,N/A
VALE,VALE S A SPONSORED ADS,12.825,12.5,UP,0.26,6.54,34.06,N/A
VERU,VERU INC COM NEW,2.5599,N/A,DOWN,2.43,-1.34,0.16,N/A
VFC,V F CORP COM,20.01,0.0,UP,0.82,19.77,7.09,N/A
VG,VENTURE GLOBAL INC COM CL A,6.275,25.0,DOWN,1.42,7.38,10.3,N/A
VKTX,VIKING THERAPEUTICS INC COM,36.9698,0.8,UP,0,-9.94,4.41,N/A
VLO,VALERO ENERGY CORP COM,170.06,0.0,UP,0.45,13.19,2.66,N/A
VOD,VODAFONE GROUP PLC NEW SPONSORED ADR,12.6499,0.0,UP,0.77,13.57,5.35,N/A
VOO,VANGUARD INDEX FDS S&P 500 ETF SHS,0,0.0,Down,0,0,8.45,N/A
VRT,VERTIV HOLDINGS CO COM CL A,167.68,0.0,UP,6.61,31.76,7.5,N/A
VRTX,VERTEX PHARMACEUTICALS INC COM,449.985,0.0,UP,9.84,22.23,1.5,N/A
VST,VISTRA CORP COM,178.42,0.0,UP,3.52,18.95,4.56,N/A
VXX,iPath Series B S&P 500 VIX Short-Term Futures ETN,0,0.0,Down,0,0,9.27,N/A
VZ,VERIZON COMMUNICATIONS INC COM,40.655,0.0,DOWN,1.25,8.45,27.39,N/A
W,WAYFAIR INC CL A,99.595,3.1,UP,1.06,34.34,3.59,N/A
WBD,WARNER BROS DISCOVERY INC COM SER A,29.865,3.1,UP,1.95,-135.03,47.57,N/A
WDAY,WORKDAY INC CL A,226.52,3.1,DOWN,6.55,21.14,2.94,N/A
WDC,WESTERN DIGITAL CORP COM,179.09,3.1,UP,6.06,18.91,9.35,N/A
WEN,WENDYS CO COM,8.7212,0.0,DOWN,0.75,9.83,7.26,N/A
WFC,WELLS FARGO CO NEW COM,92.7,1.6,UP,3.76,13.43,14.79,N/A
WGS,GENEDX HOLDINGS CORP COM CL A,152.755,6.3,UP,10.98,305.51,0.52,N/A
WMB,WILLIAMS COS INC COM,60.6,3.1,UP,6.39,26.0,7.29,N/A
WMT,WALMART INC COM,115.995,0.1,UP,1.32,38.91,18.0,N/A
WOOF,PETCO HEALTH & WELLNESS CO INC COM,3.115,0.0,DOWN,0.15,14.34,2.66,N/A
WPM,WHEATON PRECIOUS METALS CORP COM,120.275,0.0,UP,29.87,33.72,2.23,N/A
WRBY,WARBY PARKER INC CL A COM,29.25,0.0,UP,4.2,60.84,3.19,N/A
WULF,TERAWULF INC COM,16.35,6.3,UP,40.84,-30.56,41.24,N/A
WWR,WESTWATER RES INC COM NEW,1.0477,0.0,UP,0,34.92,7.4,N/A
WYNN,WYNN RESORTS LTD COM,126.09,0.0,UP,1.84,21.6,1.68,N/A
XBI,SPDR SERIES TRUST STATE STREET SPD,0,0.0,Down,0,0,10.72,N/A
XHB,SPDR SERIES TRUST STATE STREET SPD,0,0.0,Down,0,0,2.17,N/A
XLB,SELECT SECTOR SPDR TR STATE STREET MAT,0,0.0,Down,0,0,13.38,N/A
XLC,SELECT SECTOR SPDR TR STATE STREET COM,0,0.0,Down,0,0,5.53,N/A
XLE,SELECT SECTOR SPDR TR STATE STREET ENE,0,0.0,Down,0,0,29.74,N/A
XLF,SELECT SECTOR SPDR TR STATE STREET FIN,0,0.0,Down,0,0,40.92,N/A
XLI,SELECT SECTOR SPDR TR STATE STREET IND,0,0.0,Down,0,0,10.93,N/A
XLK,SELECT SECTOR SPDR TR STATE STREET TEC,0,0.0,Down,0,0,18.67,N/A
XLP,SELECT SECTOR SPDR TR STATE STREET CON,0,0.0,Down,0,0,14.26,N/A
XLU,SELECT SECTOR SPDR TR STATE STREET UTI,0,0.0,Down,0,0,20.95,N/A
XLV,SELECT SECTOR SPDR TR STATE STREET HEA,0,0.0,Down,0,0,13.06,N/A
XLY,SELECT SECTOR SPDR TR STATE STREET CON,0,0.0,Down,0,0,11.66,N/A
XOM,EXXON MOBIL CORP COM,118.935,0.4,UP,1.55,16.4,14.84,N/A
XOP,SPDR SERIES TRUST STATE STREET SPD,0,0.0,Down,0,-13331.0,3.17,N/A
XP,XP INC CL A,17.87,6.3,UP,0.54,9.19,7.23,N/A
XPEV,XPENG INC ADS,19.415,3.1,DOWN,0.27,52.54,11.32,N/A
XRT,SPDR SERIES TRUST STATE STREET SPD,0,0.0,Down,0,0,5.14,N/A
XYZ,BLOCK INC CL A,64.315,0.0,DOWN,1.64,19.68,7.31,N/A
YINN,DIREXION SHS ETF TR DL FTSE BULL 3X,0,0.0,Down,0,0,2.19,N/A
ZETA,ZETA GLOBAL HOLDINGS CORP CL A,19.2042,0.0,UP,3.86,19.38,7.32,N/A
ZIM,ZIM INTEGRATED SHIPPING SERV SHS,19.61,0.0,UP,0.31,-6.03,4.9,N/A
ZM,ZOOM COMMUNICATIONS INC CL A,90.855,1.6,UP,5.66,15.02,2.91,N/A
ZS,ZSCALER INC COM,240.4354,0.0,DOWN,13.53,53.62,1.64,N/A
